StartDate,EndDate,Status,IPAddress,Progress,Duration (in seconds),Finished,RecordedDate,ResponseId,RecipientLastName,RecipientFirstName,RecipientEmail,ExternalReference,LocationLatitude,LocationLongitude,DistributionChannel,UserLanguage,PhotoCriteria,Informed Consent,Prolific_ID,Age,Bio_Sex,Ethnicity,Ethnicity2,Gend_Ident.,RSQ_1a,RSQ_1b,RSQ_2a,RSQ_2b,RSQ_3a,RSQ_3b,RSQ_4a,RSQ_4b,RSQ_5a,RSQ_5b,RSQ_6a,RSQ_6b,RSQ_7a,RSQ_7b,RSQ_8a,RSQ_8b,BRCS_1,BRCS_2,BRCS_3,BRCS_4,PerceivedStress_1,PerceivedStress_2,PerceivedStress_3,PerceivedStress_4,PerceivedStress_5,PerceivedStress_6,PerceivedStress_7,attnchk,PerceivedStress_8,PerceivedStress_9,PerceivedStress_10,AQ_1,AQ_2,AQ_3,AQ_4,AQ_5,AQ_6,AQ_7,AQ_8,AQ_9,AQ_10,AQ_11,AQ_12,AQ_13,AQ_14,AQ_15,AQ_16,AQ_17,AQ_18,AQ_19,AQ_20,AQ_21,AQ_22,AQ_23,AQ_24,AQ_25,AQ_26,AQ_27,AQ_28,AQ_29,AQ_30,attnchk,AQ_31,AQ_32,AQ_33,AQ_34,AQ_35,AQ_36,AQ_37,AQ_38,AQ_39,AQ_40,AQ_41,AQ_42,AQ_43,AQ_44,AQ_45,AQ_46,AQ_47,AQ_48,AQ_49,AQ_50,SCS_1,SCS_2,SCS_3,SCS_4,SCS_5,SCS_6,SCS_7,SCS_8,SCS_9,SCS_10,SCS_11,SCS_12,SCS_13,SCS_14,SCS_15,SCS_16,SCS_17,SCS_18,SCS_19,SCS_20,NTBS_1,NTBS_2,NTBS_3,NTBS_4,NTBS_5,attnchk,NTBS_6,NTBS_7,NTBS_8,NTBS_9,NTBS_10,SRQ_1,SRQ_2,SRQ_3,SRQ_4,SRQ_5,SRQ_6,SRQ_7,SRQ_8,SRQ_9,SRQ_10,SRQ_11,SRQ_12,SRQ_13,SRQ_14,SRQ_15,SRQ_16,SRQ_17,SRQ_18,SRQ_19,attnchk,SRQ_20,SRQ_21,SRQ_22,SRQ_23,PROLIFIC_PID,Create New Field or Choose From Dropdown...
Start Date,End Date,Response Type,IP Address,Progress,Duration (in seconds),Finished,Recorded Date,Response ID,Recipient Last Name,Recipient First Name,Recipient Email,External Data Reference,Location Latitude,Location Longitude,Distribution Channel,User Language,"Your photos should meet the following criteria:



1) They are photos that you've already posted to your Instagram account; please blur out/crop out your personal instagram handle. 

2) They evoke positive feelings only

3) They are original photos posted by you (not re-posts, memes, or quotes originally posted by someone else)

4) They do not contain any inappropriate or illegal content (revealing clothing, nudity, drug paraphernalia, expletives, or politically charged content, bullying or other types of offensive material)

5) They are photos and not screenshots of videos

6) Of the 30-35 photos, please have at least 5 photos that include yourself

7) They are not from a business or professional account

8) Do not upload any duplicates of the same photo, each photo must be different. If duplicates are detected, you may be ineligible to participate in the study.



Please confirm your understanding of the above requirements:","Adelphi University Informed Consent




Principal Investigator:         Dominic Fareri, Ph.D.

                                                

Research Purpose

The goal of this study is to begin to better characterize how our value of choice and decision-making is affected by social contexts.   



Description of the Research

You will be asked to take part in a computerized task in which the photographs you included and uploaded prior to participation in the study will be shared with an anonymous partner. You will receive feedback from your partner after your photos are shown. The feedback may come in the form of being liked or disliked. Any photos submitted to the study will be immediately discarded upon completion of the study. You will then be given the option to make a series of choices in a lottery game or decline and have the computer participate in the task on your behalf. You will also be asked to complete a series of self-report questionnaires which may ask about your social experiences, personality and substance use either at the beginning or end of the session.

 Your participation in this study will last approximately 2 hours, split over the course of 2 days depending on how quickly you complete the tasks.   


Potential Risks

There are no known risks associated with your participation in this study.  You may experience mild discomfort from performing a computer task for up to one hour (i.e., strained eyes); however, there will be rest periods during the course of the experimental session to mediate any discomfort of this sort. You are able to withdraw from participation at any time if you feel any discomfort at all without penalty to you.   


Potential Benefits

There are no direct benefits to you for participating in this study.  Your participation will help us  

understand how we are affected by different social contexts and how this may influence subsequent decisions. The findings from this set of studies may be helpful in understanding how social influence can have both positive and negative effects on our behavior, as well as our emotional and mental well-being.    



Costs/Compensation

You will receive compensation for your participation in this study in the form of monetary compensation at the rate specified when you entered into the survey online on Prolific (e.g., up to $10 per hour) or in the posted advertisement. You may also be eligible for bonus pay based on your choices and successfully completing the task (e.g.,a bonus of up to $5). 



Additional Information

Contact Persons

If you have any questions, at any time, about this research, or want to discuss any  

possible study-related injuries, please contact Dr. Dominic Fareri at telephone number  

516-877-4824.  If you experience any distress as a result of participation in this study, youmay  

seek out additional assistance by contacting Adelphi University’s Student Counseling  

Center at 516-877-3646, located in the University Center, Rm 310.  You can also contact the Adelphi University Center for Psychological Services at 516-877-4820, located in the Hy Weinberg Center.   



Confidentiality

Your identity as a participant in this research study will be kept confidential in any publication of the results of this study. The information obtained during this research (research records) will be kept confidential to the extent permitted by law. However, this research record may be reviewed by government agencies (such as the Department of Health and Human Services), the agency sponsoring this research, individuals who are authorized to monitor or audit the research, or the Institutional Review Board (the committee that oversees all research in human subjects at Adelphi University) if required by applicable laws or regulations.  The material will be maintained for up to 7 years.   

 

All data from this study will be stored on a password-protected computer and securely backed up on a password-protected external drive. Only the PI and designated personnel on the research team will have access to participants’ data.  All participants will be given a unique identifier to ensure confidentiality.  The key linking participants’ unique identifier and any protected information will be kept in a locked file cabinet separately from any data.  Only the PI and designated members of the research team will have access to this key.   


Data Deposition at the National Institute of Mental Health Data Archive.  

This study is funded by the National Institute of Mental Health.  Data from this study will be submitted to the National Institute of Mental Health Data Archive (NDA), a data repository run by the National Institute of Mental Health (NIMH) that allows researchers studying mental health and substance use to collect and share de-identified information with each other. A data repository is a large database where information from many studies is stored and managed. With an easier way to share, researchers hope to learn new and important things about brain science and mental health more quickly than before. During and after the study, the researchers will send de-identified information about your health and behavior to NDA. Other researchers nationwide can then file an application with the NIMH to obtain access to your de-identified study data for research purposes. Experts at the NIMH who know how to protect health and science information will look at every request carefully to minimize risks to your privacy.  

 

You may not benefit directly from allowing your information to be shared with NDA. The information provided to NDA may help researchers find better treatments. NIMH will also report to Congress and on its web site about the different studies that researchers are conducting using NDA data. However, you will not be contacted directly about the data you contributed to NDA.  

 

You may decide now or later that you do not want to share your information using NDA. If so, contact the researchers who conducted this study, and they will tell NDA, which can stop sharing the research information. However, NDA cannot take back information that was shared before you changed your mind. If you would like more information about NDA, this is available on-line at http://dataarchive.nimh.gov. 

 

The data we share with the general public will not have your name on it, only a code number, so people will not know your name or which data are yours. In addition, we will not share any other information that we think might help people who know you guess which data are yours. If you change your mind and withdraw your consent to participate in this study (you can call Dr. Fareri at 516-877-4824 to do this), we will not collect any additional data about you. We will delete your data if you withdraw before it was deposited in the database. However, any data and research results already shared with other investigators or the general public cannot be destroyed, withdrawn or recalled.  

 

It is possible that some of the research conducted using your information eventually could lead to the development of new methods for studying the brain, new diagnostic tests, new drugs or other commercial products. Should this occur, there is no plan to provide you with any part of the profits generated from such products and you will not have any ownership rights in the products.  

 

To the best of our knowledge, the data we release to the general public will not contain information that can directly identify you. The data will not have your name on it, only a code number, so people will not know your name or which data are yours. In addition, the data will not include data that we think might help people who know you guess which data are yours, such as your facial features or the date that you participated. If we write a report or article about this study or share the study data set with others, we will do so in such a way that you cannot be directly identified. However, by using additional data linked to your name, one could potentially associate your information in our database back to you*. In addition, a security breach (break in or cyber attack) might lead to someone being able to link you to your data. This risk is very low because your data are stored in a secure database, and the information about your identity is stored separately from the data themselves, linked only through a code.  


Voluntary Participation

Participation in this study is voluntary. You will be able to terminate your participation in this  

study at any time with no penalty to you.   


Institutional Review Board Approval

This research has been reviewed and approved by the Adelphi University Institutional Review Board.  If you have any questions, concerns or comments, please contact the IRB chair, Dr. Carolyn Springer, 516-877-4753, springer@adelphi.edu. 

*NOTE: Prolific does not send or provide to us any identifying information about you (i.e. name), nor do we collect this information in this study*",Prolific ID:,Please report your age,Please select your biological sex at birth,Please select your ethnicity,Are you Hispanic or Latino?,Please select your gender identity,How concerned or anxious would you be over whether or not your parents would want to help you?,I would expect that they would want to help me.,How concerned or anxious would you be over whether or not your friend would want to talk with you?,I would expect that he/she would want to talk with me to try to work things out.,How concerned or anxious would you be over whether or not your parents would want you to come home?,I would expect I would be welcome at home.,How concerned or anxious would you be over whether or not your boyfriend/girlfriend would want to see you?,I would expect that he/she would want to see me.,How concerned or anxious would you be over whether or not your parents would want to come?,I would expect that my parents would want to come.,How concerned or anxious would you be over whether or not your friend would do this favor?,I would expect that he/she would willingly do this favor for me.,How concerned or anxious would you be over whether or not your boyfriend/girlfriend would say yes?,I would expect that he/she would answer yes sincerely.,How concerned or anxious would you be over whether or not the person would want to dance with you?,I would expect that he/she would want to dance with me.,I look for ways to alter difficult situations.,"Regardless of what happens to me, I believe I can control my reaction to it.",I believe I can grow in positive ways by dealing with difficult situations,I actively look for ways to replace the losses I encounter in life.,"In the last month, how often have you been upset
because of something that happened unexpectedly?","In the last month, how often have you felt that you were unable
to control the important things in your life?","In the last month, how often have you felt nervous and “stressed”?","In the last month, how often have you felt confident about your ability
to handle your personal problems?","In the last month, how often have you felt that things
were going your way?","In the last month, how often have you found that you could not cope
with all the things that you had to do?","In the last month, how often have you been able
to control irritations in your life?","If you are reading this, click ""Never"".","In the last month, how often have you felt that you were on top of things?","In the last month, how often have you been angered
because of things that were outside of your control?","In the last month, how often have you felt difficulties
were piling up so high that you could not overcome them?","I prefer to do things with others rather than on
my own","I prefer to do things the same way over and over
again.","If I try to imagine something, I find it very easy
to create a picture in my mind","I frequently get so strongly absorbed in one
thing that I lose sight of other things.",I often notice small sounds when others do not.,"I usually notice car number plates or similar
strings of information.","Other people frequently tell me that what I’ve
said is impolite, even though I think it is polite.","When I’m reading a story, I can easily imagine
what the characters might look like.",I am fascinated by dates,"In a social group, I can easily keep track of
several different people’s conversations.",I find social situations easy,I tend to notice details that others do not.,I would rather go to a library than a party,I find making up stories easy,"I find myself drawn more strongly to people than
to things.","I tend to have very strong interests which I get
upset about if I can’t pursue.",I enjoy social chit-chat.,"When I talk, it isn’t always easy for others to get
a word in edgewise.",I am fascinated by numbers,"When I’m reading a story, I find it difficult to
work out the characters’ intentions.",I don’t particularly enjoy reading fiction.,I find it hard to make new friends.,I notice patterns in things all the time.,I would rather go to the theatre than a museum.,"It does not upset me if my daily routine is
disturbed.","I frequently find that I don’t know how to keep a
conversation going.","I find it easy to “read between the lines” when
someone is talking to me.","I usually concentrate more on the whole picture,
rather than the small details.","I am not very good at remembering phone
numbers.","I don’t usually notice small changes in a
situation, or a person’s appearance.","If you are reading this, click 'Slightly disagree'","I know how to tell if someone listening to me is
getting bored.",I find it easy to do more than one thing at once.,"When I talk on the phone, I’m not sure when it’s
my turn to speak.",I enjoy doing things spontaneously.,"I am often the last to understand the point of a
joke.","I find it easy to work out what someone is
thinking or feeling just by looking at their face.","If there is an interruption, I can switch back to
what I was doing very quickly.",I am good at social chit-chat.,"People often tell me that I keep going on and on
about the same thing.","When I was young, I used to enjoy playing
games involving pretending with other children.","I like to collect information about categories of
things (e.g. types of car, types of bird, types of
train, types of plant, etc.).","I find it difficult to imagine what it would be
like to be someone else.","I like to plan any activities I participate in
carefully.",I enjoy social occasions.,I find it difficult to work out people’s intentions.,New situations make me anxious.,I enjoy meeting new people.,I am a good diplomat.,"I am not very good at remembering people’s
date of birth.","I find it very easy to play games with children
that involve pretending.",I feel distant from people.,I don't feel related to most people.,I feel like an outsider.,I see myself as a loner.,I feel disconnected from the world around me.,I don't feel I participate with anyone or any group.,I feel close to people.,"Even around people I know, I don't feel that I really belong.",I am able to relate to my peers.,I catch myself losing a sense of connectedness with society.,I am able to connect with other people.,I feel understood by the people I know.,I see people as friendly and approachable.,I fit in well in new situations.,I have little sense of togetherness with my peers.,My friends feel like family.,I find myself actively involved in people's lives.,"Even among my friends, there is no sense of brotherhood/sisterhood.",I am in tune with the world.,I feel comfortable in the presence of strangers.,"If other people don't seem to accept me, I don't let it bother me.

1 = Strongly disagree 2 = Moderately disagree 3 = Neither agree nor disagree 4 = Moderately agree 5 = Strongly agree","I try hard not to do thing that will make other people avoid or reject me.

1 = Strongly disagree 2 = Moderately disagree 3 = Neither agree nor disagree 4 = Moderately agree 5 = Strongly agree","I seldom worry about whether other people care about me.

1 = Strongly disagree 2 = Moderately disagree 3 = Neither agree nor disagree 4 = Moderately agree 5 = Strongly agree","I need to feel that there are people I can turn to in times of need.

1 = Strongly disagree 2 = Moderately disagree 3 = Neither agree nor disagree 4 = Moderately agree 5 = Strongly agree","I want other people to accept me.

1 = Strongly disagree 2 = Moderately disagree 3 = Neither agree nor disagree 4 = Moderately agree 5 = Strongly agree","If you are reading this, click 'Definitely disagree'","I do not like being alone.

1 = Strongly disagree 2 = Moderately disagree 3 = Neither agree nor disagree 4 = Moderately agree 5 = Strongly agree","Being apart from my friends for long periods of time does not bother me.

1 = Strongly disagree 2 = Moderately disagree 3 = Neither agree nor disagree 4 = Moderately agree 5 = Strongly agree","I have a strong need to belong.

1 = Strongly disagree 2 = Moderately disagree 3 = Neither agree nor disagree 4 = Moderately agree 5 = Strongly agree","It bothers me a great deal when I am not included in other people's plans.

1 = Strongly disagree 2 = Moderately disagree 3 = Neither agree nor disagree 4 = Moderately agree 5 = Strongly agree","My feelings are easily hurt when I feel that others do not accept me.

1 = Strongly disagree 2 = Moderately disagree 3 = Neither agree nor disagree 4 = Moderately agree 5 = Strongly agree",I enjoy being around people who think I am an important and exciting person,I enjoy treating others fairly,I enjoy making someone angry,I enjoy going to parties,I enjoy being nice to someone only if I gain something out of it,I enjoy feeling emotionally connected to someone,I enjoy it if others look up to me,I enjoy tricking someone out of something,I enjoy having erotic relationships,I enjoy being a member of a group/club,I enjoy being around people who are impressed with who I am and what I do,I enjoy letting someone else tell me what to do,I enjoy having many sexual experiences,I enjoy embarrassing others,I enjoy many people wanting to invite me to their social events,I enjoy keeping promises I make to others,I enjoy seeing others get hurt,I enjoy achieving recognition from others,"I enjoy it if someone accepts me as I am, no matter what","If you are reading this carefully, select ""slightly disagree"".",I enjoy having an active sex life,I enjoy someone else making decisions for me,I enjoy making someone feel happy,I enjoy following someone else's rules,PROLIFIC_PID,Create New Field or Choose From Dropdown...
"{""ImportId"":""startDate"",""timeZone"":""America/Denver""}","{""ImportId"":""endDate"",""timeZone"":""America/Denver""}","{""ImportId"":""status""}","{""ImportId"":""ipAddress""}","{""ImportId"":""progress""}","{""ImportId"":""duration""}","{""ImportId"":""finished""}","{""ImportId"":""recordedDate"",""timeZone"":""America/Denver""}","{""ImportId"":""_recordId""}","{""ImportId"":""recipientLastName""}","{""ImportId"":""recipientFirstName""}","{""ImportId"":""recipientEmail""}","{""ImportId"":""externalDataReference""}","{""ImportId"":""locationLatitude""}","{""ImportId"":""locationLongitude""}","{""ImportId"":""distributionChannel""}","{""ImportId"":""userLanguage""}","{""ImportId"":""QID1318073387""}","{""ImportId"":""QID1318073549""}","{""ImportId"":""QID1318073405_TEXT""}","{""ImportId"":""QID1318073409_TEXT""}","{""ImportId"":""QID1318073408""}","{""ImportId"":""QID1318073407""}","{""ImportId"":""QID1318073547""}","{""ImportId"":""QID1318073406""}","{""ImportId"":""QID1318073533""}","{""ImportId"":""QID1318073439""}","{""ImportId"":""QID1318073535""}","{""ImportId"":""QID1318073442""}","{""ImportId"":""QID1318073532""}","{""ImportId"":""QID1318073446""}","{""ImportId"":""QID1318073537""}","{""ImportId"":""QID1318073443""}","{""ImportId"":""QID1318073534""}","{""ImportId"":""QID1318073440""}","{""ImportId"":""QID1318073536""}","{""ImportId"":""QID1318073441""}","{""ImportId"":""QID1318073538""}","{""ImportId"":""QID1318073445""}","{""ImportId"":""QID1318073539""}","{""ImportId"":""QID1318073444""}","{""ImportId"":""QID1318073461""}","{""ImportId"":""QID1318073404""}","{""ImportId"":""QID1318073520""}","{""ImportId"":""QID1318073531""}","{""ImportId"":""QID1318073427""}","{""ImportId"":""QID1318073421""}","{""ImportId"":""QID1318073424""}","{""ImportId"":""QID1318073426""}","{""ImportId"":""QID1318073423""}","{""ImportId"":""QID1318073420""}","{""ImportId"":""QID1318073429""}","{""ImportId"":""QID1318073433""}","{""ImportId"":""QID1318073422""}","{""ImportId"":""QID1318073428""}","{""ImportId"":""QID1318073425""}","{""ImportId"":""QID1318073456""}","{""ImportId"":""QID1318073457""}","{""ImportId"":""QID1318073436""}","{""ImportId"":""QID1318073467""}","{""ImportId"":""QID1318073458""}","{""ImportId"":""QID1318073448""}","{""ImportId"":""QID1318073412""}","{""ImportId"":""QID1318073397""}","{""ImportId"":""QID1318073527""}","{""ImportId"":""QID1318073430""}","{""ImportId"":""QID1318073470""}","{""ImportId"":""QID1318073451""}","{""ImportId"":""QID1318073438""}","{""ImportId"":""QID1318073473""}","{""ImportId"":""QID1318073471""}","{""ImportId"":""QID1318073452""}","{""ImportId"":""QID1318073491""}","{""ImportId"":""QID1318073399""}","{""ImportId"":""QID1318073526""}","{""ImportId"":""QID1318073396""}","{""ImportId"":""QID1318073515""}","{""ImportId"":""QID1318073475""}","{""ImportId"":""QID1318073459""}","{""ImportId"":""QID1318073437""}","{""ImportId"":""QID1318073416""}","{""ImportId"":""QID1318073468""}","{""ImportId"":""QID1318073478""}","{""ImportId"":""QID1318073449""}","{""ImportId"":""QID1318073522""}","{""ImportId"":""QID1318073514""}","{""ImportId"":""QID1318073431""}","{""ImportId"":""QID1318073464""}","{""ImportId"":""QID1318073477""}","{""ImportId"":""QID1318073400""}","{""ImportId"":""QID1318073508""}","{""ImportId"":""QID1318073521""}","{""ImportId"":""QID1318073476""}","{""ImportId"":""QID1318073434""}","{""ImportId"":""QID1318073525""}","{""ImportId"":""QID1318073411""}","{""ImportId"":""QID1318073398""}","{""ImportId"":""QID1318073463""}","{""ImportId"":""QID1318073480""}","{""ImportId"":""QID1318073462""}","{""ImportId"":""QID1318073490""}","{""ImportId"":""QID1318073479""}","{""ImportId"":""QID1318073413""}","{""ImportId"":""QID1318073493""}","{""ImportId"":""QID1318073530""}","{""ImportId"":""QID1318073523""}","{""ImportId"":""QID1318073474""}","{""ImportId"":""QID1318073483""}","{""ImportId"":""QID1318073516""}","{""ImportId"":""QID1318073482""}","{""ImportId"":""QID1318073455""}","{""ImportId"":""QID1318073484""}","{""ImportId"":""QID1318073517""}","{""ImportId"":""QID1318073486""}","{""ImportId"":""QID1318073542""}","{""ImportId"":""QID1318073528""}","{""ImportId"":""QID1318073519""}","{""ImportId"":""QID1318073529""}","{""ImportId"":""QID1318073481""}","{""ImportId"":""QID1318073454""}","{""ImportId"":""QID1318073469""}","{""ImportId"":""QID1318073465""}","{""ImportId"":""QID1318073414""}","{""ImportId"":""QID1318073472""}","{""ImportId"":""QID1318073543""}","{""ImportId"":""QID1318073524""}","{""ImportId"":""QID1318073485""}","{""ImportId"":""QID1318073435""}","{""ImportId"":""QID1318073450""}","{""ImportId"":""QID1318073453""}","{""ImportId"":""QID1318073460""}","{""ImportId"":""QID1318073447""}","{""ImportId"":""QID1318073432""}","{""ImportId"":""QID1318073518""}","{""ImportId"":""QID1318073545""}","{""ImportId"":""QID1318073466""}","{""ImportId"":""QID1318073417""}","{""ImportId"":""QID1318073415""}","{""ImportId"":""QID1318073510""}","{""ImportId"":""QID1318073488""}","{""ImportId"":""QID1318073496""}","{""ImportId"":""QID1318073504""}","{""ImportId"":""QID1318073509""}","{""ImportId"":""QID1318073506""}","{""ImportId"":""QID1318073500""}","{""ImportId"":""QID1318073487""}","{""ImportId"":""QID1318073502""}","{""ImportId"":""QID1318073512""}","{""ImportId"":""QID1318073511""}","{""ImportId"":""QID1318073497""}","{""ImportId"":""QID1318073501""}","{""ImportId"":""QID1318073507""}","{""ImportId"":""QID1318073494""}","{""ImportId"":""QID1318073498""}","{""ImportId"":""QID1318073492""}","{""ImportId"":""QID1318073513""}","{""ImportId"":""QID1318073499""}","{""ImportId"":""QID186""}","{""ImportId"":""QID1318073503""}","{""ImportId"":""QID1318073489""}","{""ImportId"":""QID1318073495""}","{""ImportId"":""QID1318073505""}","{""ImportId"":""PROLIFIC_PID""}","{""ImportId"":""Create New Field or Choose From Dropdown...""}"
2024-04-10 09:50:29,2024-04-10 09:53:42,0,192.100.55.201,100,193,1,2024-04-10 09:53:44,R_1IY5A95XKfU8hN4,,,,,40.7244,-73.6484,anonymous,EN,1,1,test_mel,27,2,2,1,1,6,4,4,4,4,4,4,4,4,4,4,4,4,4,4,4,2,3,4,3,4,2,3,2,2,2,1,1,1,0,1,4,4,4,4,4,4,4,4,4,4,4,4,4,4,4,4,4,4,4,4,4,4,4,4,4,4,4,4,4,4,4,4,4,4,4,4,4,4,4,4,4,4,4,4,4,4,4,4,4,4,4,5,5,5,5,5,5,5,5,5,5,5,5,5,5,5,5,5,5,5,5,5,5,5,5,4,4,5,5,5,5,5,7,7,7,7,7,7,7,7,7,7,7,7,7,7,7,7,7,7,7,,7,7,7,7,test_mel,
2024-04-10 11:44:39,2024-04-10 11:47:05,0,192.100.55.201,100,145,1,2024-04-10 11:47:06,R_11utTHgDo0NNBSV,,,,,40.7244,-73.6484,anonymous,EN,1,1,test0410,45,1,1,1,3,5,4,4,4,4,4,4,4,4,4,4,4,4,4,4,4,2,2,1,1,4,4,3,2,3,1,4,2,2,0,3,4,4,4,4,4,4,4,4,4,4,4,4,4,4,4,4,4,4,4,4,4,4,4,4,4,4,4,4,4,4,4,4,4,4,4,4,4,4,4,4,4,4,4,4,4,4,4,4,4,4,4,5,5,5,5,5,5,5,5,5,5,5,5,5,5,5,5,5,5,5,5,5,5,5,5,5,4,5,5,5,5,5,7,7,7,7,7,7,7,7,7,7,7,7,7,7,7,7,7,7,7,,7,7,7,7,test0410,
2024-04-10 14:21:36,2024-04-10 14:24:05,0,192.100.55.201,100,148,1,2024-04-10 14:24:06,R_5By2QV4xDXDJA8p,,,,,40.7244,-73.6484,anonymous,EN,1,1,101,443,2,5,1,1,6,4,4,4,4,4,4,4,4,4,4,4,4,4,4,4,4,4,3,2,3,4,2,1,4,1,0,2,0,4,3,4,4,4,4,4,4,4,4,4,4,4,4,4,4,4,4,4,4,4,4,4,4,4,4,4,4,4,4,4,4,4,4,4,4,4,4,4,4,4,4,4,4,4,4,4,4,4,4,4,4,4,4,4,4,4,4,4,4,4,4,4,4,4,4,5,5,5,5,5,5,4,5,5,5,5,5,4,5,5,5,5,5,7,7,7,7,7,7,7,7,7,7,7,7,7,7,7,7,7,7,7,7,7,7,7,7,101,
2024-04-10 15:38:46,2024-04-10 15:51:12,0,66.207.8.143,100,746,1,2024-04-10 15:51:14,R_5DS7VNUSxMg4DtL,,,,,41.4319,-91.0485,anonymous,EN,1,1,5d46665905b29200188e52b4,31,2,1,2,2,1,4,5,6,2,4,3,2,1,4,5,6,1,3,2,5,4,3,3,4,3,2,4,3,2,3,2,0,2,3,1,2,2,3,1,2,2,1,2,2,3,4,1,1,3,1,3,3,2,2,3,4,1,1,2,3,2,2,2,2,4,3,1,4,2,1,3,1,3,3,1,3,4,2,3,2,2,1,3,3,3,4,3,5,4,3,2,4,3,1,2,2,3,5,2,1,2,3,4,2,3,1,3,3,4,5,3,4,2,4,2,2,2,5,7,2,3,1,7,5,1,7,3,4,5,1,1,4,7,1,6,7,3,7,5,7,5,5d46665905b29200188e52b4,
2024-04-10 16:20:22,2024-04-10 16:28:56,0,74.83.217.114,100,513,1,2024-04-10 16:28:57,R_2sndIYw4DCn9Hu2,,,,,39.1638,-84.4517,anonymous,EN,1,1,60fc66800ccfce9c74ed4f3d,25,2,1,2,2,1,4,3,4,6,4,3,6,1,3,3,6,6,5,4,5,4,4,4,4,3,2,3,3,2,2,2,0,2,3,2,1,2,3,2,2,3,3,2,2,1,2,3,3,4,1,2,3,3,2,3,4,3,2,3,2,2,2,3,2,3,3,2,1,3,2,4,2,2,3,3,2,2,3,1,1,3,2,2,2,2,3,3,4,4,2,3,3,3,4,4,4,3,4,4,4,2,5,4,3,4,4,3,4,3,5,4,4,3,3,3,4,4,6,6,3,5,2,6,7,2,2,5,6,3,1,3,5,5,2,6,6,3,4,5,6,4,60fc66800ccfce9c74ed4f3d,
2024-04-10 18:42:54,2024-04-10 18:59:00,0,73.151.114.59,100,965,1,2024-04-10 18:59:01,R_1YahCCp8wSq4NYv,,,,,38.0004,-121.3105,anonymous,EN,1,1,5e6027f12036113753519c82,26,1,1,2,1,1,3,6,6,1,6,5,3,1,3,2,6,6,3,4,5,4,4,5,3,2,1,3,4,2,0,3,0,2,1,0,1,3,1,3,1,2,3,1,2,2,2,1,4,2,1,2,1,4,2,4,4,3,1,1,2,3,2,3,4,4,3,1,2,3,1,4,2,1,1,3,1,1,3,2,1,3,2,1,2,4,1,3,2,4,4,2,1,5,4,4,2,5,4,5,4,2,6,5,2,3,4,4,4,3,4,5,4,5,2,3,4,5,5,7,1,3,3,6,5,2,6,6,5,2,6,2,7,7,1,6,6,3,6,2,7,2,5e6027f12036113753519c82,
2024-04-10 18:50:33,2024-04-10 19:02:29,0,98.214.220.51,100,716,1,2024-04-10 19:02:30,R_7ZQZ79T1AysxFwx,,,,,41.9215,-87.6446,anonymous,EN,1,1,5fab3afc780978629141d35f,26,2,1,2,2,1,4,2,3,1,4,6,6,1,4,5,2,5,5,3,2,4,3,2,4,1,1,2,2,2,1,2,0,2,2,2,2,2,4,3,1,4,4,4,4,2,3,3,2,4,1,3,2,2,4,3,4,1,4,1,3,4,2,3,1,3,3,2,2,4,4,3,2,3,1,4,2,4,2,2,2,3,1,2,2,4,1,3,4,5,3,5,5,3,5,3,5,4,5,6,4,5,4,5,2,2,5,1,5,1,5,5,4,4,4,5,5,5,7,7,1,2,1,7,6,1,7,7,7,5,7,1,7,7,1,6,7,3,7,6,7,5,5fab3afc780978629141d35f,
2024-04-10 18:44:26,2024-04-10 19:02:56,0,45.48.68.120,100,1109,1,2024-04-10 19:02:56,R_5plGE6TsnsUQcrv,,,,,34.1856,-119.2137,anonymous,EN,1,1,65779c4bde34621ce896b77d,35,1,6,1,1,4,6,6,5,2,5,4,4,6,6,2,6,3,3,6,6,3,4,5,3,2,2,2,3,3,1,3,0,3,2,2,2,3,2,3,2,3,3,2,2,3,2,2,2,3,2,2,2,3,3,3,3,3,2,2,3,3,2,2,3,3,3,3,2,3,3,3,2,2,2,3,3,2,3,3,2,3,3,3,2,2,2,3,2,3,3,3,3,3,3,3,3,3,3,4,3,4,3,3,3,3,4,4,3,3,4,4,4,4,2,3,4,3,5,6,2,5,2,5,4,2,4,5,4,1,4,1,4,6,1,4,4,1,6,2,6,4,65779c4bde34621ce896b77d,
2024-04-10 18:50:39,2024-04-10 19:06:33,0,98.49.11.208,100,954,1,2024-04-10 19:06:34,R_6qTjvQH3gV5cOTn,,,,,40.3886,-75.9286,anonymous,EN,1,1,60fe49ad235696796d15f22f,26,2,1,2,2,1,4,2,3,1,4,1,4,2,4,5,3,2,4,5,3,4,5,5,4,3,4,4,2,2,4,3,0,3,2,3,2,2,1,3,3,2,4,2,2,1,1,2,2,2,3,2,1,3,3,3,4,4,2,2,3,4,1,2,4,4,3,1,1,3,1,4,2,2,1,3,1,3,3,1,1,3,3,1,1,3,2,2,4,2,4,2,1,5,2,5,3,4,5,5,5,3,5,5,2,6,5,4,4,3,5,4,4,3,2,4,3,3,6,7,2,7,1,6,6,2,6,5,7,4,6,1,7,7,1,6,6,3,6,4,7,4,60fe49ad235696796d15f22f,
2024-04-12 10:23:37,2024-04-12 10:34:44,0,73.183.41.213,100,666,1,2024-04-12 10:34:45,R_2DHPy7WtRTYflct,,,,,40.3052,-79.5418,anonymous,EN,1,1,63d432e27555fb4b5785cfcd,34,2,1,2,2,2,3,6,2,5,3,3,5,1,4,2,2,2,3,3,5,3,3,3,2,2,2,2,3,2,2,2,0,1,2,1,3,2,2,1,1,2,3,2,3,2,2,2,3,2,3,3,3,3,3,4,3,2,2,2,3,3,3,2,3,4,3,2,3,3,3,3,2,3,2,3,2,3,3,3,2,3,3,2,3,3,3,4,4,3,2,2,2,5,3,4,2,5,5,4,4,2,4,4,2,5,4,3,4,3,4,4,4,2,4,3,2,3,5,6,2,5,2,6,5,2,5,5,4,2,5,2,6,5,1,4,6,3,6,2,6,2,63d432e27555fb4b5785cfcd,
2024-04-12 10:23:18,2024-04-12 10:51:44,0,104.5.108.35,100,1706,1,2024-04-12 10:51:45,R_3mQNVORd3lXIHWE,,,,,36.1723,-86.6608,anonymous,EN,1,1,5c5c451500b69200011bb8bf,32,1,4,2,1,5,6,4,3,6,6,6,4,5,4,3,2,1,4,4,5,5,4,4,2,3,2,1,3,3,2,3,0,4,3,2,2,1,1,3,2,1,4,2,1,3,2,2,4,2,1,3,2,2,1,4,4,3,2,1,4,4,1,2,4,3,3,1,2,1,3,2,1,3,1,2,3,2,2,2,1,3,2,1,2,4,1,3,1,3,2,2,2,5,2,3,1,4,3,2,5,4,2,3,1,4,3,1,4,2,3,5,4,5,1,2,5,4,5,7,5,6,4,7,5,5,7,5,6,7,2,1,6,2,5,7,3,3,5,4,6,7,5c5c451500b69200011bb8bf,
2024-04-12 10:48:30,2024-04-12 11:06:02,0,99.60.37.243,100,1052,1,2024-04-12 11:06:03,R_1w65qxoK25syywx,,,,,37.6998,-97.4221,anonymous,EN,1,1,660ea3da676d777f83383aab,28,1,1,2,1,1,4,5,4,1,4,6,4,1,4,2,3,6,4,4,6,4,5,4,3,1,1,1,4,4,0,4,0,4,0,0,1,2,4,3,2,2,4,3,4,2,1,1,3,3,2,3,2,3,2,2,3,3,2,2,3,2,1,2,1,1,3,1,1,4,2,3,1,1,1,3,1,2,4,2,1,3,3,1,1,4,2,1,1,1,1,1,1,6,1,6,1,6,6,6,5,1,4,6,1,4,3,3,4,3,5,3,1,3,3,4,3,4,5,6,2,6,3,7,7,3,2,6,7,4,5,1,5,7,1,6,7,3,6,3,7,4,660ea3da676d777f83383aab,
2024-04-12 10:33:14,2024-04-12 11:14:08,0,174.193.201.169,100,2454,1,2024-04-12 11:14:09,R_7Edekg5UjKvcy3f,,,,,34.0544,-118.2441,anonymous,EN,1,1,660482648009855d3c92ce84,20,1,1,1,1,4,5,3,4,4,2,4,4,6,3,3,6,4,4,6,5,4,5,5,4,3,2,4,3,1,2,2,0,2,3,4,3,1,1,2,2,4,3,1,1,2,3,2,4,1,2,1,3,2,2,3,4,2,1,1,3,2,1,1,2,4,3,1,2,2,1,4,2,3,3,2,1,4,2,1,3,3,2,3,2,4,1,3,2,3,2,1,1,4,2,5,3,5,4,4,2,1,6,6,1,4,2,5,2,3,5,3,4,4,2,2,4,2,7,7,2,5,3,6,6,1,5,6,7,5,4,2,6,6,1,7,6,3,5,6,7,3,660482648009855d3c92ce84,
2024-04-12 10:54:27,2024-04-12 11:24:13,0,72.193.168.205,100,1786,1,2024-04-12 11:24:14,R_5NdkmzFIMPgTf9L,,,,,36.1682,-115.2166,anonymous,EN,,1,615e1782e969d4939045c54f,32,1,2,2,1,2,6,3,6,6,5,2,6,5,2,2,6,6,5,2,6,4,5,4,4,1,1,1,4,4,1,3,0,3,1,1,2,3,2,3,2,3,4,2,2,2,2,2,2,2,2,2,2,2,2,3,3,3,2,3,2,2,2,2,4,4,3,1,2,3,2,3,2,2,2,2,2,2,2,2,2,2,3,2,2,4,2,2,2,2,1,1,1,4,1,4,2,4,4,4,4,4,4,4,1,4,4,5,2,4,2,3,1,3,3,3,2,2,5,6,1,4,3,4,5,2,4,4,4,1,4,1,4,6,1,5,5,3,4,7,4,1,615e1782e969d4939045c54f,
2024-04-12 11:18:35,2024-04-12 11:26:42,0,208.196.103.214,100,486,1,2024-04-12 11:26:43,R_5O5wEmhnX2koFXj,,,,,35.9875,-84.1168,anonymous,EN,1,1,628f7ed6b17795e8b70cc336,26,1,1,2,1,5,6,3,5,6,3,3,6,6,2,6,3,3,5,3,6,4,2,4,3,2,3,1,2,3,1,3,0,3,3,4,2,1,3,2,3,4,3,4,3,2,3,3,4,2,3,3,2,2,3,4,3,2,3,2,1,2,2,3,1,2,2,3,4,3,2,3,4,2,3,2,3,2,3,2,3,2,3,4,3,2,4,4,3,3,2,1,3,4,3,2,4,5,3,1,2,5,4,4,2,2,3,4,3,5,4,3,1,4,4,3,4,5,6,4,5,7,6,5,4,3,5,6,4,5,6,4,5,3,6,5,3,3,6,5,4,7,628f7ed6b17795e8b70cc336,
2024-04-12 11:37:45,2024-04-12 11:43:29,0,70.18.10.241,100,343,1,2024-04-12 11:43:30,R_5aCUItO6Iz0Abf6,,,,,40.726,-73.848,anonymous,EN,1,1,6608b738fefbe5050e02af04,28,1,4,2,1,6,3,4,6,4,4,4,4,4,3,4,3,4,4,3,3,5,5,5,5,2,1,2,3,3,1,3,0,3,2,1,4,2,1,1,3,2,4,1,1,4,1,3,4,1,2,1,4,4,1,3,4,4,1,4,4,4,1,1,4,2,3,1,1,4,2,4,1,2,2,4,1,1,4,1,3,4,2,2,2,1,1,3,4,4,2,2,3,3,4,3,4,4,5,2,4,2,2,1,3,4,3,5,2,3,5,3,4,4,5,1,3,4,7,7,3,6,5,6,7,4,7,5,7,1,7,2,7,6,1,7,7,3,7,1,5,1,6608b738fefbe5050e02af04,
2024-04-12 12:22:49,2024-04-12 12:40:30,0,165.23.54.247,100,1060,1,2024-04-12 12:40:30,R_7M4GIIWa4Xj7WWr,,,,,43.5376,-96.6818,anonymous,EN,1,1,66036442d5a1059cf1eac3b5,27,1,1,2,1,1,4,6,4,2,6,4,4,1,6,1,4,1,4,1,6,5,4,5,5,2,4,4,2,1,3,2,0,0,2,4,3,3,1,1,2,1,4,1,4,4,3,1,3,1,3,1,4,4,4,4,4,2,4,1,3,1,1,3,1,4,3,1,4,1,1,4,1,4,4,4,1,1,4,4,2,4,1,3,2,2,1,4,5,4,6,4,5,2,4,3,4,2,2,5,2,5,6,1,3,2,1,2,5,4,4,4,4,1,5,4,2,2,7,7,1,5,1,6,7,1,7,7,7,1,1,1,5,7,1,7,7,3,5,1,7,1,66036442d5a1059cf1eac3b5,
2024-04-15 09:38:30,2024-04-15 09:48:51,0,100.35.35.12,100,620,1,2024-04-15 09:48:52,R_11eyDcj2dVX8lDH,,,,,41.0631,-74.1437,anonymous,EN,1,1,63038702fea51556c37c36cf,35,2,1,2,2,4,6,3,4,1,4,5,4,6,2,4,3,1,4,3,6,5,4,4,4,2,2,3,3,2,4,2,0,1,3,4,4,3,1,1,1,1,4,1,1,1,3,1,1,3,4,1,4,4,2,4,4,3,1,4,4,4,1,1,3,4,3,1,1,2,4,4,1,2,2,2,1,1,3,3,4,4,1,3,2,4,1,2,2,5,5,2,2,5,4,4,4,5,5,3,5,2,6,5,1,4,1,4,2,4,4,4,1,1,4,1,2,2,6,7,1,2,1,7,5,1,5,3,2,1,1,1,6,6,1,3,6,3,5,1,7,1,63038702fea51556c37c36cf,
2024-04-15 11:31:28,2024-04-15 11:49:57,0,98.36.0.89,100,1109,1,2024-04-15 11:49:59,R_1VvlMsioOP6OObv,,,,,38.5442,-121.7252,anonymous,EN,1,1,60d13d406f3b34d6791c8831,27,1,1,2,1,1,4,4,6,6,3,4,2,1,3,2,6,6,3,4,2,4,4,3,4,2,1,2,2,2,1,2,0,3,2,1,2,1,1,2,2,1,2,2,4,3,4,2,3,3,3,1,2,2,2,3,4,2,2,2,4,2,3,3,2,2,3,2,4,2,4,2,2,4,3,2,2,1,1,1,2,2,1,2,3,2,3,2,3,3,4,3,2,4,2,4,2,4,5,3,3,2,4,4,3,4,4,1,4,2,5,4,4,4,1,4,5,5,6,4,3,5,2,6,5,2,7,7,6,5,4,3,6,5,3,6,6,3,7,6,7,5,60d13d406f3b34d6791c8831,
2024-04-15 12:14:29,2024-04-15 12:24:43,0,24.198.217.214,100,614,1,2024-04-15 12:24:44,R_5ryjXPT5xF1TzNv,,,,,43.5604,-76.1166,anonymous,EN,1,1,6017bf0a453264a3efcd27b4,32,1,1,2,1,2,3,6,2,5,6,1,4,1,4,3,2,1,4,4,1,4,2,4,4,2,2,3,2,2,3,2,0,2,2,1,3,2,4,3,1,1,2,4,4,1,3,1,2,4,3,3,4,4,3,1,2,1,3,4,3,1,2,3,3,3,3,2,2,1,3,4,2,2,4,2,4,3,3,3,4,2,1,4,4,3,3,6,6,6,6,6,6,1,6,1,6,1,1,3,3,6,1,1,6,1,1,5,5,3,2,4,4,2,4,2,3,2,5,6,2,1,1,5,5,1,5,5,5,5,5,1,5,6,1,5,6,3,6,5,7,3,6017bf0a453264a3efcd27b4,
2024-04-09 21:42:24,2024-04-09 21:46:50,0,68.194.105.29,99,266,0,2024-04-16 21:46:54,R_2VuzSsRLLg0vf8d,,,,,,,anonymous,EN,1,1,TEST,2,2,1,1,2,6,4,4,4,4,4,4,4,4,4,4,4,4,4,4,4,2,2,3,3,0,0,0,0,0,0,0,0,0,0,0,4,4,4,4,4,4,4,4,4,4,4,4,4,4,4,4,4,4,4,4,4,4,4,4,4,4,4,4,4,4,4,4,4,4,4,4,4,4,4,4,4,4,4,4,4,4,4,4,4,4,4,5,5,5,5,5,5,5,5,5,5,5,5,5,5,5,5,5,5,5,5,3,4,4,4,4,4,5,5,5,5,5,7,7,7,7,7,7,7,7,7,7,7,7,7,7,7,7,7,7,7,,7,7,7,7,TEST,
2024-04-10 14:03:38,2024-04-10 14:51:07,0,192.100.55.201,2,2848,0,2024-04-17 14:51:10,R_5wsOlNOAkio2tSF,,,,,,,anonymous,EN,1,,,,,,,,,,,,,,,,,,,,,,,,,,,,,,,,,,,,,,,,,,,,,,,,,,,,,,,,,,,,,,,,,,,,,,,,,,,,,,,,,,,,,,,,,,,,,,,,,,,,,,,,,,,,,,,,,,,,,,,,,,,,,,,,,,,,,,,,,,,,,,,,,101,
2024-04-10 15:33:21,2024-04-10 15:33:46,0,174.208.225.92,1,24,0,2024-04-17 15:33:47,R_31JRZmB2Ds1IzND,,,,,,,anonymous,EN,,,,,,,,,,,,,,,,,,,,,,,,,,,,,,,,,,,,,,,,,,,,,,,,,,,,,,,,,,,,,,,,,,,,,,,,,,,,,,,,,,,,,,,,,,,,,,,,,,,,,,,,,,,,,,,,,,,,,,,,,,,,,,,,,,,,,,,,,,,,,,,,,,63b6cacdcd885ab26ee6efbb,
2024-04-10 18:42:38,2024-04-10 18:43:25,0,73.226.122.76,1,46,0,2024-04-17 18:43:27,R_3mn8UKFIOO3Gf34,,,,,,,anonymous,EN,,,,,,,,,,,,,,,,,,,,,,,,,,,,,,,,,,,,,,,,,,,,,,,,,,,,,,,,,,,,,,,,,,,,,,,,,,,,,,,,,,,,,,,,,,,,,,,,,,,,,,,,,,,,,,,,,,,,,,,,,,,,,,,,,,,,,,,,,,,,,,,,,,6521ab1c4a2ffd6c21a3b662,
2024-04-10 18:43:24,2024-04-10 18:43:39,0,69.245.29.65,1,14,0,2024-04-17 18:43:39,R_5ewe1ZCHEzZCA4B,,,,,,,anonymous,EN,,,,,,,,,,,,,,,,,,,,,,,,,,,,,,,,,,,,,,,,,,,,,,,,,,,,,,,,,,,,,,,,,,,,,,,,,,,,,,,,,,,,,,,,,,,,,,,,,,,,,,,,,,,,,,,,,,,,,,,,,,,,,,,,,,,,,,,,,,,,,,,,,,5f39eb3c94f71318adf97910,
2024-04-10 18:44:16,2024-04-10 18:44:35,0,99.106.82.76,1,18,0,2024-04-17 18:44:36,R_5Keve1cuOoUlpIp,,,,,,,anonymous,EN,,,,,,,,,,,,,,,,,,,,,,,,,,,,,,,,,,,,,,,,,,,,,,,,,,,,,,,,,,,,,,,,,,,,,,,,,,,,,,,,,,,,,,,,,,,,,,,,,,,,,,,,,,,,,,,,,,,,,,,,,,,,,,,,,,,,,,,,,,,,,,,,,,655f8b959477c803eb906622,
2024-04-10 18:44:00,2024-04-10 18:47:08,0,104.2.123.45,1,187,0,2024-04-17 18:47:08,R_5Ic1HynvS1gtDMN,,,,,,,anonymous,EN,1,,,,,,,,,,,,,,,,,,,,,,,,,,,,,,,,,,,,,,,,,,,,,,,,,,,,,,,,,,,,,,,,,,,,,,,,,,,,,,,,,,,,,,,,,,,,,,,,,,,,,,,,,,,,,,,,,,,,,,,,,,,,,,,,,,,,,,,,,,,,,,,,,65341bd6cc83ab081644bbfb,
2024-04-10 18:47:17,2024-04-10 18:48:11,0,172.59.70.134,1,54,0,2024-04-17 18:48:12,R_3cnhWmQDoohK3qC,,,,,,,anonymous,EN,,,,,,,,,,,,,,,,,,,,,,,,,,,,,,,,,,,,,,,,,,,,,,,,,,,,,,,,,,,,,,,,,,,,,,,,,,,,,,,,,,,,,,,,,,,,,,,,,,,,,,,,,,,,,,,,,,,,,,,,,,,,,,,,,,,,,,,,,,,,,,,,,,5d49fbb01da04c001a407042,
2024-04-10 18:49:14,2024-04-10 18:49:50,0,73.32.115.13,1,36,0,2024-04-17 18:49:56,R_7yTZwLEGitKDNpD,,,,,,,anonymous,EN,,,,,,,,,,,,,,,,,,,,,,,,,,,,,,,,,,,,,,,,,,,,,,,,,,,,,,,,,,,,,,,,,,,,,,,,,,,,,,,,,,,,,,,,,,,,,,,,,,,,,,,,,,,,,,,,,,,,,,,,,,,,,,,,,,,,,,,,,,,,,,,,,,65296a5e6b3da09843f655ba,
2024-04-12 10:23:37,2024-04-12 10:25:22,0,24.152.228.236,2,105,0,2024-04-19 10:25:24,R_7UvUX2WDuLSPgul,,,,,,,anonymous,EN,1,,,,,,,,,,,,,,,,,,,,,,,,,,,,,,,,,,,,,,,,,,,,,,,,,,,,,,,,,,,,,,,,,,,,,,,,,,,,,,,,,,,,,,,,,,,,,,,,,,,,,,,,,,,,,,,,,,,,,,,,,,,,,,,,,,,,,,,,,,,,,,,,,60fdd725b2cd02db32f9c718,
2024-04-12 10:24:18,2024-04-12 10:25:35,0,172.58.255.129,4,76,0,2024-04-19 10:25:37,R_64Iqnn5YzFFFCoS,,,,,,,anonymous,EN,1,1,,,,,,,,,,,,,,,,,,,,,,,,,,,,,,,,,,,,,,,,,,,,,,,,,,,,,,,,,,,,,,,,,,,,,,,,,,,,,,,,,,,,,,,,,,,,,,,,,,,,,,,,,,,,,,,,,,,,,,,,,,,,,,,,,,,,,,,,,,,,,,,,5f3ac1732efa0a74f975b1a8,
2024-04-12 10:23:19,2024-04-12 10:23:38,0,96.41.109.83,1,18,0,2024-04-19 10:25:53,R_2cCuDIK1YKuBoax,,,,,,,anonymous,EN,,,,,,,,,,,,,,,,,,,,,,,,,,,,,,,,,,,,,,,,,,,,,,,,,,,,,,,,,,,,,,,,,,,,,,,,,,,,,,,,,,,,,,,,,,,,,,,,,,,,,,,,,,,,,,,,,,,,,,,,,,,,,,,,,,,,,,,,,,,,,,,,,,655f8e46111e1df6951e1ede,
2024-04-12 10:27:23,2024-04-12 10:37:16,0,184.91.245.158,1,593,0,2024-04-19 10:37:31,R_7NVftRIhL11o00K,,,,,,,anonymous,EN,,,,,,,,,,,,,,,,,,,,,,,,,,,,,,,,,,,,,,,,,,,,,,,,,,,,,,,,,,,,,,,,,,,,,,,,,,,,,,,,,,,,,,,,,,,,,,,,,,,,,,,,,,,,,,,,,,,,,,,,,,,,,,,,,,,,,,,,,,,,,,,,,,63614a46bd1e8547e0a8b8ba,
2024-04-12 10:37:41,2024-04-12 10:38:15,0,174.60.41.206,1,33,0,2024-04-19 10:38:17,R_8dYNqH6iuNU1B6p,,,,,,,anonymous,EN,,,,,,,,,,,,,,,,,,,,,,,,,,,,,,,,,,,,,,,,,,,,,,,,,,,,,,,,,,,,,,,,,,,,,,,,,,,,,,,,,,,,,,,,,,,,,,,,,,,,,,,,,,,,,,,,,,,,,,,,,,,,,,,,,,,,,,,,,,,,,,,,,,62a96f8f6ab7e0c3ce90095f,
2024-04-12 10:43:23,2024-04-12 10:43:56,0,70.121.184.179,1,33,0,2024-04-19 10:44:05,R_2LqlCtKv0eYFgYP,,,,,,,anonymous,EN,,,,,,,,,,,,,,,,,,,,,,,,,,,,,,,,,,,,,,,,,,,,,,,,,,,,,,,,,,,,,,,,,,,,,,,,,,,,,,,,,,,,,,,,,,,,,,,,,,,,,,,,,,,,,,,,,,,,,,,,,,,,,,,,,,,,,,,,,,,,,,,,,,651c4484ba17050f6b716614,
2024-04-12 10:44:23,2024-04-12 10:44:53,0,45.51.108.80,1,29,0,2024-04-19 10:44:54,R_1mkvGDkAi0vk7Qi,,,,,,,anonymous,EN,,,,,,,,,,,,,,,,,,,,,,,,,,,,,,,,,,,,,,,,,,,,,,,,,,,,,,,,,,,,,,,,,,,,,,,,,,,,,,,,,,,,,,,,,,,,,,,,,,,,,,,,,,,,,,,,,,,,,,,,,,,,,,,,,,,,,,,,,,,,,,,,,,633c74ad6178784ed5b52104,
2024-04-12 10:45:33,2024-04-12 10:46:17,0,76.36.228.143,1,44,0,2024-04-19 10:46:21,R_7wBCyw86OyEWM7v,,,,,,,anonymous,EN,,,,,,,,,,,,,,,,,,,,,,,,,,,,,,,,,,,,,,,,,,,,,,,,,,,,,,,,,,,,,,,,,,,,,,,,,,,,,,,,,,,,,,,,,,,,,,,,,,,,,,,,,,,,,,,,,,,,,,,,,,,,,,,,,,,,,,,,,,,,,,,,,,65627954aa9ef60ccbcbfbe4,
2024-04-12 11:36:12,2024-04-12 11:37:28,0,76.157.55.253,1,76,0,2024-04-19 11:39:39,R_2WCQ8HA5o2mtybw,,,,,,,anonymous,EN,,,,,,,,,,,,,,,,,,,,,,,,,,,,,,,,,,,,,,,,,,,,,,,,,,,,,,,,,,,,,,,,,,,,,,,,,,,,,,,,,,,,,,,,,,,,,,,,,,,,,,,,,,,,,,,,,,,,,,,,,,,,,,,,,,,,,,,,,,,,,,,,,,5a3bdd2c8d005a0001829f3e,
2024-04-12 12:11:33,2024-04-12 12:20:21,0,69.212.159.147,7,527,0,2024-04-19 12:20:27,R_654EfXEceVNnb6F,,,,,,,anonymous,EN,1,1,5ac9d112436f5500010007a5,26,2,1,2,2,,,,,,,,,,,,,,,,,,,,,,,,,,,,,,,,,,,,,,,,,,,,,,,,,,,,,,,,,,,,,,,,,,,,,,,,,,,,,,,,,,,,,,,,,,,,,,,,,,,,,,,,,,,,,,,,,,,,,,,,,,,,,,,,,,,,,,,,,,5ac9d112436f5500010007a5,
2024-04-15 09:03:39,2024-04-15 09:04:26,0,73.108.132.149,1,46,0,2024-04-22 09:06:15,R_77eqK0xsrdSINj3,,,,,,,anonymous,EN,1,,,,,,,,,,,,,,,,,,,,,,,,,,,,,,,,,,,,,,,,,,,,,,,,,,,,,,,,,,,,,,,,,,,,,,,,,,,,,,,,,,,,,,,,,,,,,,,,,,,,,,,,,,,,,,,,,,,,,,,,,,,,,,,,,,,,,,,,,,,,,,,,,5f099b19d936ab01cbcde559,
2024-04-15 09:08:50,2024-04-15 09:09:21,0,66.218.148.100,1,30,0,2024-04-22 09:09:26,R_5ALJXJ5XLuracEN,,,,,,,anonymous,EN,,,,,,,,,,,,,,,,,,,,,,,,,,,,,,,,,,,,,,,,,,,,,,,,,,,,,,,,,,,,,,,,,,,,,,,,,,,,,,,,,,,,,,,,,,,,,,,,,,,,,,,,,,,,,,,,,,,,,,,,,,,,,,,,,,,,,,,,,,,,,,,,,,65c10fdabd93bdc59f95835b,
2024-04-15 09:11:10,2024-04-15 09:12:03,0,174.199.36.196,1,52,0,2024-04-22 09:12:05,R_7PzqcfpWCs1jHae,,,,,,,anonymous,EN,1,,,,,,,,,,,,,,,,,,,,,,,,,,,,,,,,,,,,,,,,,,,,,,,,,,,,,,,,,,,,,,,,,,,,,,,,,,,,,,,,,,,,,,,,,,,,,,,,,,,,,,,,,,,,,,,,,,,,,,,,,,,,,,,,,,,,,,,,,,,,,,,,,5aeab16d0335e200019eae75,
2024-05-23 22:10:50,2024-05-23 22:40:32,0,73.168.101.252,100,1782,1,2024-05-23 22:40:33,R_3N1MREJvMEtNiTv,,,,,41.9025,-87.6726,anonymous,EN,1,1,6110d9878a3bec3b5a040544,29,2,2,2,2,1,4,6,6,1,4,4,6,2,3,3,6,5,3,3,6,4,4,4,2,3,2,4,2,2,2,3,0,2,3,3,3,1,1,2,2,3,4,2,2,1,3,2,3,2,3,3,2,3,3,2,4,1,3,2,2,2,1,3,1,4,3,1,3,4,2,3,1,3,3,4,1,4,4,3,2,4,2,2,3,1,1,4,5,5,5,4,3,3,2,4,3,4,5,2,3,4,4,1,1,3,2,3,4,2,4,4,1,2,5,2,3,4,6,6,1,4,3,6,5,2,4,5,5,5,2,1,5,6,1,5,6,3,5,5,6,4,6110d9878a3bec3b5a040544,
2024-05-24 13:09:43,2024-05-24 13:16:18,0,148.75.24.177,100,395,1,2024-05-24 13:16:19,R_6Vlk8Y9hNMzgZcR,,,,,40.7924,-74.0096,anonymous,EN,1,1,435,3455,2,3,1,2,5,3,4,4,4,4,4,4,4,4,4,4,4,4,4,4,5,5,4,2,1,1,0,0,1,1,2,1,2,2,2,4,4,4,4,4,4,4,4,4,4,4,4,4,4,4,4,4,4,4,4,4,4,4,4,4,4,4,4,4,4,4,4,4,4,4,4,4,4,4,4,4,4,4,4,4,4,4,4,4,4,4,2,2,2,3,3,4,4,4,3,4,4,4,5,5,5,5,5,5,5,5,4,4,4,5,5,4,5,5,5,5,5,3,4,4,4,4,4,5,5,6,6,7,6,6,7,6,6,6,6,7,7,7,7,6,7,,
2024-05-24 15:20:54,2024-05-24 15:32:31,0,96.89.107.154,100,696,1,2024-05-24 15:32:33,R_6dX9UkNjF3yiKiq,,,,,45.3894,-122.586,anonymous,EN,1,1,664692878add3afcc229c905,33,1,1,1,1,1,1,6,3,1,1,2,3,5,1,2,2,6,5,6,6,3,4,5,4,1,1,2,3,3,0,3,0,3,1,1,2,3,1,2,2,3,3,1,3,2,1,2,4,2,1,2,2,1,3,2,2,2,3,4,2,3,2,2,1,2,3,1,2,2,2,4,2,3,2,3,2,3,3,3,2,3,3,2,2,2,1,2,3,3,2,2,1,4,2,3,2,4,3,4,4,2,5,4,2,3,4,4,2,4,5,4,4,3,2,3,2,4,6,6,5,5,3,6,6,3,7,6,6,3,6,3,6,5,2,6,5,3,6,2,6,2,664692878add3afcc229c905,
2024-05-24 16:06:26,2024-05-24 16:53:59,0,158.140.60.135,100,2853,1,2024-05-24 16:54:01,R_1pgc7O15qT3ZjEd,,,,,36.1549,-116.0177,anonymous,EN,1,1,5bdfb648484288000130dad0,31,1,1,2,1,1,4,3,4,3,4,6,4,1,4,5,6,5,4,5,6,5,5,5,5,1,0,0,4,4,0,4,0,4,0,0,2,4,1,4,3,2,4,1,3,1,2,2,4,3,1,2,2,4,3,4,4,4,2,1,1,4,1,3,4,4,3,1,1,4,1,4,1,1,2,4,1,4,4,3,1,4,4,1,2,2,1,1,1,1,1,1,1,6,1,6,1,6,6,6,6,1,6,6,1,5,4,5,3,3,3,4,4,4,3,2,2,2,4,7,1,5,1,7,5,1,4,7,5,1,5,1,5,7,1,4,7,3,7,1,7,1,5bdfb648484288000130dad0,
2024-05-24 13:47:34,2024-05-24 13:56:53,0,47.14.142.19,1,558,0,2024-05-31 13:57:02,R_3D8EoREjRgRl8WD,,,,,,,anonymous,EN,,,,,,,,,,,,,,,,,,,,,,,,,,,,,,,,,,,,,,,,,,,,,,,,,,,,,,,,,,,,,,,,,,,,,,,,,,,,,,,,,,,,,,,,,,,,,,,,,,,,,,,,,,,,,,,,,,,,,,,,,,,,,,,,,,,,,,,,,,,,,,,,,,5cab7cc86d3a6e001519d9e9,
2024-05-24 14:00:58,2024-05-24 14:01:04,0,68.227.193.120,1,6,0,2024-05-31 14:01:07,R_6kM7gTptU5ZwwX7,,,,,,,anonymous,EN,,,,,,,,,,,,,,,,,,,,,,,,,,,,,,,,,,,,,,,,,,,,,,,,,,,,,,,,,,,,,,,,,,,,,,,,,,,,,,,,,,,,,,,,,,,,,,,,,,,,,,,,,,,,,,,,,,,,,,,,,,,,,,,,,,,,,,,,,,,,,,,,,,631c8e97db06f601f81bd82f,
2024-05-24 14:02:02,2024-05-24 14:02:37,0,67.80.116.115,1,34,0,2024-05-31 14:02:40,R_7dYkkNcW35c6LEr,,,,,,,anonymous,EN,,,,,,,,,,,,,,,,,,,,,,,,,,,,,,,,,,,,,,,,,,,,,,,,,,,,,,,,,,,,,,,,,,,,,,,,,,,,,,,,,,,,,,,,,,,,,,,,,,,,,,,,,,,,,,,,,,,,,,,,,,,,,,,,,,,,,,,,,,,,,,,,,,6634c1d8631a52e31f7bbfd1,
2024-05-24 14:06:14,2024-05-24 15:07:26,0,164.67.98.112,1,3672,0,2024-05-31 15:07:28,R_3B9D5ihjuWuE5lW,,,,,,,anonymous,EN,,,,,,,,,,,,,,,,,,,,,,,,,,,,,,,,,,,,,,,,,,,,,,,,,,,,,,,,,,,,,,,,,,,,,,,,,,,,,,,,,,,,,,,,,,,,,,,,,,,,,,,,,,,,,,,,,,,,,,,,,,,,,,,,,,,,,,,,,,,,,,,,,,5f6f738fef894f0dbf9839f8,
2024-06-11 12:16:52,2024-06-11 12:25:34,0,67.177.129.234,100,522,1,2024-06-11 12:25:35,R_5LcJoiLRVnYdEqE,,,,,42.7287,-83.0279,anonymous,EN,1,1,6642bc68a8130f486d2ae4b0,35,1,1,2,1,1,1,6,3,6,4,2,3,1,4,1,4,1,4,1,4,4,4,4,4,1,1,1,1,1,1,3,0,3,1,1,3,3,2,3,1,2,2,2,3,2,1,2,4,2,2,2,1,2,3,3,3,4,2,3,2,4,2,2,3,3,3,2,2,3,2,2,2,2,1,3,2,2,3,2,1,3,3,1,2,3,2,1,1,1,1,1,1,5,1,5,1,5,5,5,5,1,5,5,1,5,5,4,4,3,5,4,4,4,2,4,4,3,7,7,1,7,2,6,7,3,5,7,7,1,7,1,7,7,1,7,7,3,7,1,7,1,6642bc68a8130f486d2ae4b0,
2024-06-11 12:46:28,2024-06-11 12:56:14,0,24.250.183.95,100,586,1,2024-06-11 12:56:15,R_6agV9VFYam5yFpe,,,,,29.6138,-82.386,anonymous,EN,1,1,6618bd23d65a31bd4d06d092,25,2,1,1,2,5,4,6,3,4,4,4,4,4,4,3,3,4,4,6,6,5,4,5,4,2,1,2,1,4,1,3,0,4,2,1,2,4,1,3,2,2,4,1,2,2,2,2,3,3,1,3,2,3,3,3,3,3,2,3,3,3,2,2,2,3,3,2,2,3,1,4,2,2,2,3,2,3,3,2,1,3,3,1,1,2,3,1,2,2,2,2,1,6,2,5,2,6,6,6,6,2,6,5,1,6,4,4,3,4,4,4,4,3,2,3,4,3,6,7,1,6,2,6,5,1,2,6,5,2,2,2,6,6,1,6,7,3,6,2,7,2,6618bd23d65a31bd4d06d092,
2024-06-11 12:07:48,2024-06-11 12:09:32,0,174.219.198.120,3,104,0,2024-06-18 12:09:33,R_3cbe3QKNhS1t0WF,,,,,,,anonymous,EN,1,2,,,,,,,,,,,,,,,,,,,,,,,,,,,,,,,,,,,,,,,,,,,,,,,,,,,,,,,,,,,,,,,,,,,,,,,,,,,,,,,,,,,,,,,,,,,,,,,,,,,,,,,,,,,,,,,,,,,,,,,,,,,,,,,,,,,,,,,,,,,,,,,,5ab7502b5cd1050001619af3,
2024-06-11 12:11:38,2024-06-11 12:11:46,0,174.206.226.137,1,8,0,2024-06-18 12:11:55,R_6l66vjScY8n3CRH,,,,,,,anonymous,EN,,,,,,,,,,,,,,,,,,,,,,,,,,,,,,,,,,,,,,,,,,,,,,,,,,,,,,,,,,,,,,,,,,,,,,,,,,,,,,,,,,,,,,,,,,,,,,,,,,,,,,,,,,,,,,,,,,,,,,,,,,,,,,,,,,,,,,,,,,,,,,,,,,656cf11e8c036a31a22e0ccc,
2024-06-11 12:13:31,2024-06-11 12:13:50,0,174.209.37.78,1,18,0,2024-06-18 12:13:56,R_6rJvEkJ5tmV2Ls6,,,,,,,anonymous,EN,,,,,,,,,,,,,,,,,,,,,,,,,,,,,,,,,,,,,,,,,,,,,,,,,,,,,,,,,,,,,,,,,,,,,,,,,,,,,,,,,,,,,,,,,,,,,,,,,,,,,,,,,,,,,,,,,,,,,,,,,,,,,,,,,,,,,,,,,,,,,,,,,,59ed2107ae9f950001d848f6,
2024-06-11 12:14:51,2024-06-11 12:15:01,0,172.56.67.165,1,10,0,2024-06-18 12:15:06,R_6jdsPreLquI6mTB,,,,,,,anonymous,EN,,,,,,,,,,,,,,,,,,,,,,,,,,,,,,,,,,,,,,,,,,,,,,,,,,,,,,,,,,,,,,,,,,,,,,,,,,,,,,,,,,,,,,,,,,,,,,,,,,,,,,,,,,,,,,,,,,,,,,,,,,,,,,,,,,,,,,,,,,,,,,,,,,652940613511888d1ad5c864,
2024-06-11 12:44:25,2024-06-11 12:44:47,0,73.71.117.111,1,22,0,2024-06-18 12:44:49,R_68BBXaAjTsodYDz,,,,,,,anonymous,EN,,,,,,,,,,,,,,,,,,,,,,,,,,,,,,,,,,,,,,,,,,,,,,,,,,,,,,,,,,,,,,,,,,,,,,,,,,,,,,,,,,,,,,,,,,,,,,,,,,,,,,,,,,,,,,,,,,,,,,,,,,,,,,,,,,,,,,,,,,,,,,,,,,6595e3b4dc9090390e4edb5f,
2024-06-23 18:39:44,2024-06-23 18:43:24,0,173.62.15.249,100,219,1,2024-06-23 18:43:25,R_38EUEi4eiB7xetb,,,,,41.5412,-73.9057,anonymous,EN,1,1,65cbdb5cc07bd306bfe37605,26,2,4,2,2,3,3,3,3,2,6,6,2,6,2,6,6,6,3,6,6,4,3,2,4,3,1,2,1,2,3,3,0,2,1,3,2,3,1,2,2,1,3,2,2,3,1,2,2,1,2,3,1,2,1,1,2,3,1,2,2,2,3,2,1,2,3,3,2,1,2,2,2,3,1,2,1,1,2,1,3,2,2,1,2,2,2,2,3,4,3,3,1,3,4,4,3,2,3,4,2,4,3,3,4,4,3,4,3,5,2,4,4,3,4,5,3,3,5,7,5,6,6,5,4,6,5,6,4,6,6,4,5,6,6,4,4,3,6,4,5,5,65cbdb5cc07bd306bfe37605,
2024-06-23 18:37:28,2024-06-23 18:45:56,0,98.97.21.131,100,507,1,2024-06-23 18:45:56,R_7CTMbDBZKtMxzqs,,,,,40.7123,-74.0068,anonymous,EN,1,1,663e5cf112f5d047cf5c9fad,28,2,1,2,2,1,4,5,4,6,4,6,4,5,4,2,3,1,4,1,2,4,4,4,4,2,3,2,2,2,3,2,0,2,2,2,4,3,1,2,2,4,3,1,1,4,3,2,2,3,4,2,4,2,4,4,4,1,4,2,3,1,2,4,2,3,3,2,2,3,1,3,2,1,3,2,1,2,3,2,4,2,2,3,2,3,2,4,4,5,5,4,3,3,4,3,3,3,5,3,2,2,3,2,4,5,2,2,2,2,3,5,4,4,2,5,4,4,7,7,1,3,1,7,6,1,7,2,7,1,7,1,3,7,1,7,7,3,7,1,7,1,663e5cf112f5d047cf5c9fad,
2024-06-23 18:37:27,2024-06-23 18:48:20,0,174.162.82.35,100,653,1,2024-06-23 18:48:21,R_3fpZrOqPZhqGd8n,,,,,42.2385,-83.1783,anonymous,EN,1,1,5685850c333cbd000d4e042f,30,1,1,2,1,1,4,3,5,1,4,3,6,2,3,2,6,5,5,3,2,2,4,3,4,1,2,2,2,2,2,4,0,2,2,1,2,2,4,3,3,3,4,4,4,3,3,2,4,3,3,4,3,4,4,2,3,1,4,3,4,3,3,2,1,4,3,3,4,3,3,2,1,3,3,4,2,4,1,3,2,3,2,2,2,1,4,2,3,2,3,4,1,4,2,3,5,4,2,6,3,2,5,3,3,3,4,2,4,3,5,5,4,3,3,4,2,4,3,7,1,6,1,6,5,1,6,6,4,5,5,2,7,7,1,6,6,3,5,3,7,3,5685850c333cbd000d4e042f,
2024-06-23 18:40:49,2024-06-23 18:50:36,0,209.76.168.82,100,587,1,2024-06-23 18:50:37,R_3PIUtqQhBntqORj,,,,,35.0848,-92.4242,anonymous,EN,1,1,664a48072cc4493facd881f1,23,2,1,2,2,4,2,6,3,3,5,4,3,6,6,2,3,3,3,4,5,4,2,4,4,2,4,4,2,1,2,3,0,0,2,4,4,2,1,1,1,3,2,1,4,3,4,1,1,1,3,1,4,4,3,3,4,1,2,3,3,1,2,3,3,3,3,2,3,3,3,3,2,3,4,3,1,1,4,1,3,2,1,2,3,3,1,6,5,6,6,6,5,1,5,4,5,5,1,2,1,4,3,1,4,3,1,2,4,2,3,4,1,1,3,4,2,4,5,7,1,3,1,7,6,1,5,6,6,5,3,1,5,7,1,6,7,3,5,2,7,5,664a48072cc4493facd881f1,
2024-06-23 18:41:09,2024-06-23 18:54:35,0,98.11.66.52,100,805,1,2024-06-23 18:54:35,R_6M3W12ui4nOX24F,,,,,43.3068,-76.1857,anonymous,EN,1,1,6150b927614a4f154f311f9d,34,2,1,2,2,1,1,1,4,1,4,1,3,1,4,6,3,1,4,5,2,4,3,4,4,3,3,4,2,2,3,3,0,2,1,2,4,2,1,2,1,1,4,1,2,3,4,1,2,1,1,3,3,4,3,4,4,4,1,3,3,2,1,3,2,3,3,1,3,2,2,3,2,3,3,3,1,1,4,1,3,2,2,2,1,3,2,5,5,3,4,4,6,3,4,2,5,5,5,3,2,5,4,4,2,5,2,5,1,5,3,1,4,2,5,1,1,1,1,7,1,3,1,7,4,1,4,4,1,2,3,1,1,7,1,1,7,3,4,5,7,4,6150b927614a4f154f311f9d,
2024-06-23 18:38:34,2024-06-23 18:58:31,0,75.194.148.85,100,1196,1,2024-06-23 18:58:31,R_7w7Gsj8151i9KCh,,,,,38.6353,-121.4558,anonymous,EN,1,1,660f2fbd807c8d51f0673ec5,24,1,1,2,1,2,5,4,6,4,3,4,4,3,3,3,3,4,4,4,6,5,4,5,4,2,2,3,0,0,1,2,0,2,1,2,2,3,1,3,1,3,2,1,3,2,2,2,4,1,1,2,2,2,2,3,4,4,1,2,2,3,1,1,1,2,3,2,2,3,1,4,1,2,3,4,2,2,4,3,1,3,3,1,1,1,1,4,3,5,4,4,2,3,3,5,3,3,2,4,6,2,6,6,2,5,5,5,4,2,4,4,4,4,2,5,4,4,7,7,1,7,2,6,7,2,6,7,6,3,5,3,7,6,3,6,6,3,7,3,6,4,660f2fbd807c8d51f0673ec5,
2024-06-23 18:37:30,2024-06-23 19:01:06,0,174.236.225.124,100,1416,1,2024-06-23 19:01:07,R_1KYFRzb7aMfmECv,,,,,38.5879,-121.4053,anonymous,EN,1,1,65cd403c98f98c43240bd8b4,27,2,4,2,2,3,6,3,6,3,4,4,4,4,4,2,6,4,4,5,2,4,4,4,5,0,0,2,2,2,2,2,0,2,2,2,2,3,2,2,2,4,3,1,3,2,1,2,2,2,3,3,2,4,4,4,4,4,2,3,2,4,2,2,2,3,3,1,2,4,1,4,2,2,1,3,2,2,3,2,1,3,4,1,2,3,1,2,2,1,1,1,2,5,1,5,1,5,3,4,5,6,5,3,1,1,5,4,4,4,5,3,3,3,4,3,4,4,6,6,4,6,2,6,5,2,6,6,6,4,6,1,6,6,2,6,5,3,6,2,6,5,65cd403c98f98c43240bd8b4,
2024-06-23 18:43:16,2024-06-23 19:01:18,0,159.250.97.126,100,1081,1,2024-06-23 19:01:18,R_3rxyRs6FgmE7Zhp,,,,,25.8489,-80.145,anonymous,EN,1,1,64c0a2d8031339ab6ec5e54a,23,1,1,1,1,5,4,5,3,3,4,5,4,4,4,5,4,1,4,4,6,5,5,4,5,1,2,0,4,3,0,4,0,4,0,1,2,3,1,1,3,3,4,1,4,1,2,1,2,1,3,2,2,4,3,4,4,3,1,2,3,3,1,1,2,2,3,1,1,4,2,4,1,3,2,3,1,4,4,2,2,3,1,2,2,3,1,1,1,1,1,1,1,6,1,6,3,6,6,4,4,1,6,4,1,6,4,5,2,5,3,3,4,2,5,2,2,1,6,7,5,4,5,5,1,1,7,6,6,7,7,5,7,7,1,6,7,1,7,6,7,6,64c0a2d8031339ab6ec5e54a,
2024-06-23 18:49:45,2024-06-23 19:04:57,0,67.175.192.14,100,911,1,2024-06-23 19:04:58,R_74gw7HmOkE9usuZ,,,,,41.6078,-87.7524,anonymous,EN,1,1,663e40120b553e7aa7f786b4,31,2,1,2,3,4,3,5,3,1,4,2,3,2,3,5,3,2,3,4,2,5,3,2,4,4,2,3,3,3,1,3,0,3,1,2,2,1,4,1,2,2,2,2,4,4,3,2,2,1,3,1,3,3,4,3,4,3,2,4,4,2,2,3,1,3,3,1,2,3,3,3,3,2,3,1,1,1,2,1,3,3,1,3,2,2,2,2,3,3,4,2,1,5,2,5,5,5,6,2,3,6,6,4,1,5,1,2,4,2,5,5,4,2,2,4,3,4,7,7,1,2,2,7,7,1,5,6,6,5,3,1,5,7,1,7,7,3,2,5,7,3,663e40120b553e7aa7f786b4,
2024-06-23 18:42:04,2024-06-23 19:09:47,0,213.178.140.78,100,1663,1,2024-06-23 19:09:48,R_34kpc54FyJiTK7X,,,,,37.751,-97.822,anonymous,EN,1,1,66437fc81d7c8bf0cc3ed9ff,26,1,2,2,1,2,3,5,3,5,4,5,3,5,3,5,3,2,3,2,6,4,4,4,4,1,1,1,3,3,0,4,0,3,1,1,2,2,1,3,2,2,3,1,2,2,2,1,3,1,1,1,1,3,2,4,4,4,2,3,4,4,1,3,3,1,3,1,1,4,2,4,1,1,1,4,1,2,4,1,1,4,3,1,1,1,1,1,2,2,2,1,1,5,2,6,2,5,6,4,6,2,5,4,1,5,4,4,3,3,4,4,4,4,2,3,3,3,6,7,2,6,3,5,6,3,7,6,6,3,5,2,6,7,2,6,6,3,7,2,6,4,66437fc81d7c8bf0cc3ed9ff,
2024-06-23 18:36:51,2024-06-23 19:09:48,0,63.141.58.207,100,1977,1,2024-06-23 19:09:48,R_1YXsNN7GJuGRY7W,,,,,37.751,-97.822,anonymous,EN,1,1,6601acd8481d967fb8e752a7,27,2,2,2,2,6,4,4,4,2,4,3,3,4,4,4,3,4,4,3,3,3,5,5,5,2,3,2,2,4,1,4,0,4,2,2,3,3,1,2,2,1,3,1,2,2,1,1,4,3,3,3,2,3,1,3,4,3,2,1,4,3,1,3,4,3,3,1,1,4,2,3,2,2,1,3,2,2,3,1,1,3,3,1,2,3,2,2,6,1,1,1,1,5,1,6,4,6,6,6,6,1,6,6,4,6,5,2,5,2,4,5,4,5,1,5,3,5,7,7,1,6,4,6,6,2,2,6,6,4,6,1,6,7,1,7,7,1,6,4,7,4,6601acd8481d967fb8e752a7,
2024-06-23 19:05:00,2024-06-23 19:17:44,0,47.222.105.25,100,763,1,2024-06-23 19:17:44,R_1I5M13aFksQB2aI,,,,,32.7255,-96.6233,anonymous,EN,1,1,60ff8e89604a8ff4cc4d9d8e,22,2,1,2,3,4,4,6,6,3,4,6,6,5,4,6,6,3,5,1,5,4,3,4,3,3,3,4,4,0,1,2,0,0,3,2,3,2,1,2,1,3,2,1,4,2,3,2,1,1,4,1,3,4,3,3,4,1,2,3,2,3,1,3,4,4,3,1,1,2,3,4,4,3,4,2,2,2,3,2,4,2,2,3,2,4,3,5,5,5,6,6,6,3,5,2,5,3,4,2,3,3,5,4,2,6,1,5,4,2,3,4,4,3,4,2,3,2,6,7,2,4,3,5,6,2,4,4,5,4,4,1,4,7,1,5,5,3,4,1,6,3,60ff8e89604a8ff4cc4d9d8e,
2024-06-23 19:43:51,2024-06-23 19:54:28,0,73.93.113.163,100,636,1,2024-06-23 19:54:29,R_7Xw3TVc69AkaU01,,,,,37.683,-121.8879,anonymous,EN,1,1,6632ac1fa19e8464a16ce9da,24,1,4,2,1,1,4,6,6,6,4,4,6,1,4,5,3,1,4,3,5,2,2,1,2,2,3,2,1,0,2,2,0,1,2,2,3,1,2,2,2,3,4,2,4,2,4,3,3,4,3,3,2,4,2,4,4,1,3,1,4,1,2,3,3,2,3,1,3,3,3,4,2,3,4,4,3,4,4,1,2,3,1,4,4,2,3,4,5,5,6,5,5,2,6,3,5,3,3,5,1,4,3,1,4,2,5,1,4,1,5,4,4,2,3,4,5,4,7,6,2,5,2,7,6,2,6,7,6,4,5,2,6,6,1,5,6,3,6,4,7,4,6632ac1fa19e8464a16ce9da,
2024-06-23 19:27:23,2024-06-23 19:56:16,0,67.245.218.160,100,1733,1,2024-06-23 19:56:17,R_6mjRpBpyrLYV7pp,,,,,41.5636,-74.4339,anonymous,EN,1,1,650ee274aa4447ac435b7830,23,1,1,2,1,6,4,4,6,6,3,2,2,6,6,6,6,3,5,5,3,1,3,3,4,2,2,2,2,2,2,2,0,1,2,3,2,3,3,2,2,3,3,2,2,3,3,2,4,1,2,3,2,2,2,3,3,2,3,2,3,2,2,3,3,2,3,2,3,2,3,2,2,2,2,3,1,3,1,2,1,1,2,2,2,4,2,3,4,3,3,4,6,2,4,1,5,1,2,3,5,4,5,4,3,6,1,4,3,4,3,5,4,3,4,3,4,3,6,6,4,5,6,6,2,1,6,6,4,5,1,5,6,5,4,6,7,3,1,6,7,4,650ee274aa4447ac435b7830,
2024-06-23 20:18:52,2024-06-23 20:32:28,0,99.85.12.93,100,816,1,2024-06-23 20:32:29,R_6wThmlkSKKD3Ag9,,,,,29.5933,-90.7596,anonymous,EN,1,1,664d145fa354afdb587d3e4a,34,2,1,2,2,1,4,6,1,1,4,5,3,1,4,5,6,1,4,2,6,4,4,4,3,1,1,2,3,2,1,3,0,3,2,2,2,2,2,3,2,3,4,1,2,2,2,3,3,3,3,4,2,3,3,3,3,4,3,3,2,2,3,2,1,2,3,2,2,3,2,3,2,2,3,3,2,3,4,2,2,2,2,2,2,2,2,1,1,1,1,1,1,6,1,6,1,6,6,5,5,1,6,5,1,5,2,4,2,4,4,4,4,4,4,3,2,4,6,6,2,5,2,6,6,2,2,6,6,2,2,2,2,6,2,5,6,3,6,2,6,2,664d145fa354afdb587d3e4a,
2024-06-23 20:33:12,2024-06-23 20:44:30,0,174.177.74.190,100,677,1,2024-06-23 20:44:31,R_5EdosrUkn1mC68G,,,,,35.8974,-83.9425,anonymous,EN,1,1,666b027ce39d6a0e2eb09d99,19,2,1,2,2,1,4,2,3,1,4,5,4,1,4,5,3,1,4,4,6,1,5,5,2,2,2,4,1,3,3,3,0,4,0,0,4,2,4,3,1,2,4,4,2,1,3,1,2,2,2,4,4,4,1,2,1,2,1,1,1,2,2,3,4,4,3,1,2,4,2,4,2,1,3,2,2,4,1,4,4,3,2,4,1,4,2,4,2,2,3,2,4,4,1,6,1,2,6,2,3,1,6,4,1,6,1,2,5,1,2,5,4,2,5,4,4,4,7,7,2,1,2,7,7,2,4,3,6,7,3,3,6,7,3,7,6,3,3,7,7,7,666b027ce39d6a0e2eb09d99,
2024-06-23 20:54:47,2024-06-23 21:12:11,0,47.211.200.191,100,1043,1,2024-06-23 21:12:12,R_3HMlszh0lIvEy2y,,,,,30.5478,-96.2715,anonymous,EN,1,1,60ba395e1aa45e83a8fa9931,31,2,1,1,2,2,6,6,3,1,4,5,4,2,3,3,3,3,3,6,4,4,3,4,2,3,4,4,2,1,4,3,0,2,3,4,2,2,2,2,1,1,4,2,3,2,3,1,2,2,3,2,3,4,3,3,4,2,2,2,2,2,3,3,2,4,3,2,2,3,2,3,2,2,3,3,1,2,4,2,3,3,1,3,2,3,2,5,4,5,5,5,4,5,2,4,4,6,6,2,3,3,6,5,1,4,1,2,4,2,5,5,4,3,4,2,3,3,6,7,2,5,2,6,6,2,4,3,6,5,2,1,5,6,1,7,7,3,6,5,7,2,60ba395e1aa45e83a8fa9931,
2024-06-23 20:41:35,2024-06-23 21:18:37,0,73.210.130.87,100,2222,1,2024-06-23 21:18:38,R_716LT9IGfPtmGcI,,,,,41.5548,-87.6593,anonymous,EN,1,1,5654175604212700054a12b1,33,1,4,2,1,1,4,6,6,3,6,3,2,1,4,5,3,3,5,3,1,4,4,3,4,3,3,3,2,3,1,2,0,2,2,2,3,2,4,2,4,4,4,4,4,4,3,4,4,4,1,2,2,3,4,1,4,4,2,1,3,2,2,2,1,4,3,2,4,4,4,4,2,3,2,1,4,1,3,3,2,4,1,1,1,1,4,4,4,4,5,3,2,3,2,4,2,4,5,4,4,3,1,2,4,4,4,5,4,4,4,3,4,4,4,2,2,2,4,7,1,6,1,6,5,1,5,6,5,4,6,1,5,5,1,6,6,3,6,4,6,3,5654175604212700054a12b1,
