TrialNumber,right,left,leftmoney,rightmoney,WTP_ITI,social_left
1,Write creative story pieces in the comfort of my room,Watch movies with my girlfriend in my room,0.01,0.01,4.4,1.0
2,Working at my donut shop to earn money,Eat dinner with my family every day of the week,0.02,0.01,8.8,1.0
3,Play tennis with my club members at school,Finish puzzles that i bought in my game room,0.03,0.01,3.3,0.0
4,Sleep in with my girlfriend on rainy days,Working at my donut shop to earn money,0.04,0.01,1.1,0.0
5,Window shop with my girlfriend at high end malls,Look for outfits at the mall,0.05,0.01,1.1,0.0
6,Play games online in my gaming room at home,Go squishmallow hunting with my girlfriend on holidays,0.01,0.02,3.3,1.0
7,Study for classes with my university friends,Walk around my university campus,0.02,0.02,1.1,0.0
8,Play games online in my gaming room at home,Watch movies with my girlfriend in my room,0.03,0.02,1.1,1.0
9,Read a book in my room,Go bar hopping with my friends on weekends,0.04,0.02,4.4,1.0
10,Go squishmallow hunting with my girlfriend on holidays,Finish puzzles that i bought in my game room,0.05,0.02,1.1,0.0
11,Watch movies with my girlfriend in my room,Finish puzzles that i bought in my game room,0.01,0.03,3.3,0.0
12,Play tennis with my club members at school,Working at my donut shop to earn money,0.02,0.03,4.4,0.0
13,Play tennis with my club members at school,Go to the gym to work on chest legs and back,0.03,0.03,1.1,0.0
14,Sightsee while wandering the city,Eat dinner with my family every day of the week,0.04,0.03,3.3,1.0
15,Drive anywhere in my toyota camry,Study for classes with my university friends,0.05,0.03,4.4,1.0
16,Go bar hopping with my friends on weekends,Finish puzzles that i bought in my game room,0.01,0.04,1.1,0.0
17,Write creative story pieces in the comfort of my room,Watch league of legends championship with my friends online,0.02,0.04,8.8,1.0
18,Eat dinner with my family every day of the week,Drive anywhere in my toyota camry,0.03,0.04,3.3,0.0
19,Drive anywhere in my toyota camry,Go squishmallow hunting with my girlfriend on holidays,0.04,0.04,3.3,1.0
20,Eat dinner with my family every day of the week,Go to the gym to work on chest legs and back,0.05,0.04,1.1,0.0
21,Go on vacation with friends to the beach,Go to the gym to work on chest legs and back,0.01,0.05,8.8,0.0
22,Go squishmallow hunting with my girlfriend on holidays,Walk around my university campus,0.02,0.05,4.4,0.0
23,Sightsee while wandering the city,Window shop with my girlfriend at high end malls,0.03,0.05,1.1,1.0
24,Window shop with my girlfriend at high end malls,Read a book in my room,0.04,0.05,4.4,0.0
25,Look for outfits at the mall,Play tennis with my club members at school,0.05,0.05,3.3,1.0
26,Write creative story pieces in the comfort of my room,Sleep in with my girlfriend on rainy days,0.01,0.01,4.4,1.0
27,Go on vacation with friends to the beach,Working at my donut shop to earn money,0.02,0.01,3.3,0.0
28,Watch movies with my girlfriend in my room,Read a book in my room,0.03,0.01,3.3,0.0
29,Finish puzzles that i bought in my game room,Eat dinner with my family every day of the week,0.04,0.01,4.4,1.0
30,Working at my donut shop to earn money,Watch movies with my girlfriend in my room,0.05,0.01,8.8,1.0
31,Sleep in with my girlfriend on rainy days,Read a book in my room,0.01,0.02,8.8,0.0
32,Play tennis with my club members at school,Sightsee while wandering the city,0.02,0.02,1.1,0.0
33,Working at my donut shop to earn money,Watch league of legends championship with my friends online,0.03,0.02,4.4,1.0
34,Go on vacation with friends to the beach,Walk around my university campus,0.04,0.02,3.3,0.0
35,Walk around my university campus,Eat dinner with my family every day of the week,0.05,0.02,1.1,1.0
36,Sightsee while wandering the city,Go bar hopping with my friends on weekends,0.01,0.03,3.3,1.0
37,Sleep in with my girlfriend on rainy days,Drive anywhere in my toyota camry,0.02,0.03,1.1,0.0
38,Play games online in my gaming room at home,Go on vacation with friends to the beach,0.03,0.03,1.1,1.0
39,Read a book in my room,Go on vacation with friends to the beach,0.04,0.03,3.3,1.0
40,Study for classes with my university friends,Read a book in my room,0.05,0.03,4.4,0.0
41,Walk around my university campus,Watch movies with my girlfriend in my room,0.01,0.04,1.1,1.0
42,Watch league of legends championship with my friends online,Drive anywhere in my toyota camry,0.02,0.04,3.3,0.0
43,Look for outfits at the mall,Watch league of legends championship with my friends online,0.03,0.04,1.1,1.0
44,Drive anywhere in my toyota camry,Window shop with my girlfriend at high end malls,0.04,0.04,1.1,1.0
45,Go squishmallow hunting with my girlfriend on holidays,Go to the gym to work on chest legs and back,0.05,0.04,4.4,0.0
46,Go bar hopping with my friends on weekends,Play games online in my gaming room at home,0.01,0.05,8.8,0.0
47,Eat dinner with my family every day of the week,Write creative story pieces in the comfort of my room,0.02,0.05,1.1,0.0
48,Watch league of legends championship with my friends online,Finish puzzles that i bought in my game room,0.03,0.05,4.4,0.0
49,Write creative story pieces in the comfort of my room,Go on vacation with friends to the beach,0.04,0.05,3.3,1.0
50,Sightsee while wandering the city,Study for classes with my university friends,0.05,0.05,1.1,1.0
51,Sightsee while wandering the city,Sleep in with my girlfriend on rainy days,0.01,0.01,1.1,1.0
52,Look for outfits at the mall,Study for classes with my university friends,0.02,0.01,3.3,1.0
53,Read a book in my room,Play tennis with my club members at school,0.03,0.01,1.1,1.0
54,Go squishmallow hunting with my girlfriend on holidays,Working at my donut shop to earn money,0.04,0.01,4.4,0.0
55,Go on vacation with friends to the beach,Sightsee while wandering the city,0.05,0.01,1.1,0.0
56,Window shop with my girlfriend at high end malls,Walk around my university campus,0.01,0.02,8.8,0.0
57,Play tennis with my club members at school,Play games online in my gaming room at home,0.02,0.02,4.4,0.0
58,Look for outfits at the mall,Go squishmallow hunting with my girlfriend on holidays,0.03,0.02,4.4,1.0
59,Go to the gym to work on chest legs and back,Watch movies with my girlfriend in my room,0.04,0.02,4.4,1.0
60,Read a book in my room,Go squishmallow hunting with my girlfriend on holidays,0.05,0.02,1.1,1.0
61,Go on vacation with friends to the beach,Look for outfits at the mall,0.01,0.03,3.3,0.0
62,Look for outfits at the mall,Go bar hopping with my friends on weekends,0.02,0.03,3.3,1.0
63,Play games online in my gaming room at home,Watch league of legends championship with my friends online,0.03,0.03,3.3,1.0
64,Watch league of legends championship with my friends online,Walk around my university campus,0.04,0.03,1.1,0.0
65,Read a book in my room,Watch league of legends championship with my friends online,0.05,0.03,1.1,1.0
66,Eat dinner with my family every day of the week,Look for outfits at the mall,0.01,0.04,1.1,0.0
67,Sleep in with my girlfriend on rainy days,Go to the gym to work on chest legs and back,0.02,0.04,8.8,0.0
68,Go bar hopping with my friends on weekends,Write creative story pieces in the comfort of my room,0.03,0.04,4.4,0.0
69,Study for classes with my university friends,Write creative story pieces in the comfort of my room,0.04,0.04,1.1,0.0
70,Eat dinner with my family every day of the week,Read a book in my room,0.05,0.04,1.1,0.0
71,Eat dinner with my family every day of the week,Play games online in my gaming room at home,0.01,0.05,3.3,0.0
72,Window shop with my girlfriend at high end malls,Working at my donut shop to earn money,0.02,0.05,8.8,0.0
73,Look for outfits at the mall,Watch movies with my girlfriend in my room,0.03,0.05,3.3,1.0
74,Working at my donut shop to earn money,Study for classes with my university friends,0.04,0.05,4.4,1.0
75,Sleep in with my girlfriend on rainy days,Walk around my university campus,0.05,0.05,3.3,0.0
76,Drive anywhere in my toyota camry,Watch movies with my girlfriend in my room,0.01,0.01,1.1,1.0
77,Play tennis with my club members at school,Drive anywhere in my toyota camry,0.02,0.01,8.8,0.0
78,Play games online in my gaming room at home,Study for classes with my university friends,0.03,0.01,1.1,1.0
79,Study for classes with my university friends,Finish puzzles that i bought in my game room,0.04,0.01,1.1,0.0
80,Study for classes with my university friends,Go to the gym to work on chest legs and back,0.05,0.01,4.4,0.0
81,Sightsee while wandering the city,Go squishmallow hunting with my girlfriend on holidays,0.01,0.02,3.3,1.0
82,Go to the gym to work on chest legs and back,Watch league of legends championship with my friends online,0.02,0.02,4.4,1.0
83,Working at my donut shop to earn money,Go bar hopping with my friends on weekends,0.03,0.02,1.1,1.0
84,Go squishmallow hunting with my girlfriend on holidays,Write creative story pieces in the comfort of my room,0.04,0.02,3.3,0.0
85,Go bar hopping with my friends on weekends,Walk around my university campus,0.05,0.02,3.3,0.0
86,Window shop with my girlfriend at high end malls,Write creative story pieces in the comfort of my room,0.01,0.03,1.1,0.0
87,Play games online in my gaming room at home,Window shop with my girlfriend at high end malls,0.02,0.03,4.4,1.0
88,Write creative story pieces in the comfort of my room,Play tennis with my club members at school,0.03,0.03,1.1,1.0
89,Sleep in with my girlfriend on rainy days,Play games online in my gaming room at home,0.04,0.03,3.3,0.0
90,Go to the gym to work on chest legs and back,Go bar hopping with my friends on weekends,0.05,0.03,8.8,1.0
91,Finish puzzles that i bought in my game room,Sleep in with my girlfriend on rainy days,0.01,0.04,3.3,1.0
92,Go bar hopping with my friends on weekends,Drive anywhere in my toyota camry,0.02,0.04,8.8,0.0
93,Finish puzzles that i bought in my game room,Window shop with my girlfriend at high end malls,0.03,0.04,1.1,1.0
94,Walk around my university campus,Play tennis with my club members at school,0.04,0.04,4.4,1.0
95,Finish puzzles that i bought in my game room,Go on vacation with friends to the beach,0.05,0.04,4.4,1.0
96,Window shop with my girlfriend at high end malls,Go to the gym to work on chest legs and back,0.01,0.05,3.3,0.0
97,Go on vacation with friends to the beach,Drive anywhere in my toyota camry,0.02,0.05,1.1,0.0
98,Look for outfits at the mall,Sleep in with my girlfriend on rainy days,0.03,0.05,1.1,1.0
99,Sightsee while wandering the city,Watch movies with my girlfriend in my room,0.04,0.05,3.3,1.0
100,Sightsee while wandering the city,Watch league of legends championship with my friends online,0.05,0.05,4.4,1.0
